onset	duration	trial_type
20.5233333333333	0	4
22.5341666666667	0	24
24.5908333333333	0	106
24.9658333333333	0	126
26.6408333333333	0	106
27.0908333333333	0	126
29.725	0	106
30	0	126
32.35	0	106
32.475	0	126
34.5166666666667	0	106
34.8416666666667	0	126
37.5341666666667	0	6
39.5425	0	26
41.0508333333333	0	122
41.1675	0	110
44.2766666666667	0	122
46.0016666666667	0	110
46.7183333333333	0	122
49.0608333333333	0	110
49.0858333333333	0	122
51.9358333333333	0	110
54.5441666666667	0	6
56.545	0	26
57.67	0	110
58.22	0	122
60.4533333333333	0	110
60.9283333333333	0	122
62.7291666666667	0	110
63.9375	0	122
66.1541666666667	0	110
66.2541666666667	0	122
68.255	0	110
68.8633333333333	0	122
71.5466666666667	0	4
73.555	0	24
74.8975	0	106
75.8641666666667	0	126
77.3058333333333	0	106
77.9058333333333	0	126
79.565	0	106
80.3483333333333	0	126
82.5233333333333	0	106
82.7816666666667	0	126
85.2066666666667	0	106
85.6316666666667	0	126
88.5575	0	8
90.5575	0	28
91.6741666666667	0	114
92.7666666666667	0	118
94.9166666666667	0	114
95.1916666666667	0	118
97.4333333333333	0	114
97.9083333333333	0	118
99.9925	0	114
100.509166666667	0	118
102.3925	0	114
102.825833333333	0	118
105.559166666667	0	3
107.56	0	23
108.993333333333	0	125
109.71	0	105
111.601666666667	0	125
112.351666666667	0	105
114.360833333333	0	125
114.6525	0	105
116.6025	0	125
117.360833333333	0	105
118.719166666667	0	125
119.561666666667	0	105
122.561666666667	0	8
124.561666666667	0	28
125.970833333333	0	118
126.795833333333	0	114
129.154166666667	0	118
131.4375	0	114
133.413333333333	0	118
134.513333333333	0	114
136.205	0	118
136.996666666667	0	114
139.564166666667	0	6
141.564166666667	0	26
143.264166666667	0	122
143.964166666667	0	110
146.281666666667	0	122
146.515	0	110
148.331666666667	0	122
148.79	0	110
151.4825	0	122
153.4075	0	110
153.865833333333	0	122
156.565833333333	0	2
158.566666666667	0	22
159.866666666667	0	130
160.466666666667	0	102
162.541666666667	0	130
162.841666666667	0	102
164.850833333333	0	130
165.950833333333	0	102
167.5675	0	130
168.059166666667	0	102
169.76	0	130
170.268333333333	0	102
173.576666666667	0	6
175.585	0	26
177.110833333333	0	122
177.6025	0	110
179.169166666667	0	122
179.960833333333	0	110
181.969166666667	0	122
182.960833333333	0	110
184.186666666667	0	122
185.186666666667	0	110
186.386666666667	0	122
187.37	0	110
190.5875	0	8
192.5875	0	28
193.945833333333	0	118
194.020833333333	0	114
196.563333333333	0	118
199.005	0	114
199.905	0	118
201.363333333333	0	114
202.080833333333	0	118
204.7475	0	114
207.589166666667	0	6
209.59	0	26
210.665	0	122
211.815	0	110
214.54	0	122
216.915833333333	0	110
219.149166666667	0	122
219.5075	0	110
221.358333333333	0	122
222.075	0	110
224.591666666667	0	3
226.6	0	23
227.9675	0	125
231.3175	0	105
233.6175	0	125
233.725833333333	0	105
236.41	0	125
236.493333333333	0	105
238.851666666667	0	125
238.885	0	105
241.601666666667	0	7
243.6025	0	27
244.6525	0	113
245.169166666667	0	117
247.353333333333	0	113
248.303333333333	0	117
249.395	0	113
250.953333333333	0	117
251.811666666667	0	113
253.054166666667	0	117
254.729166666667	0	113
256.0375	0	117
258.604166666667	0	1
260.605	0	21
262.613333333333	0	129
263.03	0	101
264.705	0	129
265.063333333333	0	101
267.755833333333	0	129
270.105833333333	0	101
270.580833333333	0	129
272.280833333333	0	101
273.04	0	129
275.606666666667	0	2
277.606666666667	0	22
278.656666666667	0	102
279.3825	0	130
281.049166666667	0	102
281.465833333333	0	130
283.815833333333	0	102
284.815833333333	0	130
286.758333333333	0	102
287.033333333333	0	130
289.75	0	102
292.608333333333	0	8
294.609166666667	0	28
295.734166666667	0	118
296.900833333333	0	114
297.775833333333	0	118
298.9425	0	114
301.585	0	118
304.435	0	114
306.135833333333	0	118
306.685833333333	0	114
309.610833333333	0	7
311.619166666667	0	27
312.67	0	113
312.761666666667	0	117
316.028333333333	0	113
318.629166666667	0	117
318.954166666667	0	113
321.0625	0	117
323.820833333333	0	113
323.8875	0	117
326.621666666667	0	2
328.621666666667	0	22
330.621666666667	0	102
330.888333333333	0	130
332.8725	0	102
333.130833333333	0	130
335.4975	0	102
335.8475	0	130
338.131666666667	0	102
340.248333333333	0	130
340.74	0	102
343.623333333333	0	3
345.624166666667	0	23
347.7075	0	125
348.0075	0	105
350.283333333333	0	125
350.566666666667	0	105
352.658333333333	0	125
354.858333333333	0	105
355.4	0	125
630.481666666667	0	7
632.479166666667	0	27
634.3375	0	117
634.5025	0	113
637.028333333333	0	117
637.211666666667	0	113
639.703333333333	0	117
641.861666666667	0	113
642.320833333333	0	117
644.020833333333	0	113
644.879166666667	0	117
647.48	0	8
649.48	0	28
650.93	0	118
651.63	0	114
653.396666666667	0	118
654.189166666667	0	114
656.430833333333	0	118
656.6975	0	114
658.505833333333	0	118
658.855833333333	0	114
660.856666666667	0	118
661.906666666667	0	114
664.484166666667	0	4
666.49	0	24
668.065833333333	0	126
668.3825	0	106
671.215833333333	0	126
671.265833333333	0	106
673.816666666667	0	126
676.133333333333	0	106
676.441666666667	0	126
678.783333333333	0	106
678.9	0	126
681.494166666667	0	3
683.4925	0	23
684.709166666667	0	105
684.725833333333	0	125
687.435	0	105
690.243333333333	0	125
690.735	0	105
692.376666666667	0	125
693.294166666667	0	105
694.4775	0	125
695.794166666667	0	105
698.495833333333	0	6
700.498333333333	0	26
701.545	0	122
702.136666666667	0	110
704.503333333333	0	122
706.654166666667	0	110
706.920833333333	0	122
709.454166666667	0	110
710.3125	0	122
712.621666666667	0	110
715.499166666667	0	3
717.496666666667	0	23
718.846666666667	0	105
718.863333333333	0	125
722.255833333333	0	105
724.3225	0	125
724.7475	0	105
726.623333333333	0	125
726.881666666667	0	105
729.098333333333	0	125
732.500833333333	0	7
734.499166666667	0	27
735.5325	0	113
735.599166666667	0	117
738.475	0	113
738.933333333333	0	117
741.283333333333	0	113
741.558333333333	0	117
743.426666666667	0	113
743.841666666667	0	117
746.434166666667	0	113
746.7175	0	117
749.504166666667	0	7
751.509166666667	0	27
752.543333333333	0	117
753.17	0	113
755.351666666667	0	117
756.335	0	113
758.6025	0	117
758.944166666667	0	113
761.094166666667	0	117
763.710833333333	0	113
766.513333333333	0	2
768.511666666667	0	22
770.636666666667	0	102
770.836666666667	0	130
772.670833333333	0	102
773.0625	0	130
775.1375	0	102
775.7375	0	130
777.988333333333	0	102
778.463333333333	0	130
780.396666666667	0	102
780.813333333333	0	130
783.515833333333	0	7
785.514166666667	0	27
786.6475	0	113
787.139166666667	0	117
790.080833333333	0	113
792.831666666667	0	117
795.281666666667	0	113
797.090833333333	0	117
797.7825	0	113
800.518333333333	0	4
802.515833333333	0	24
804.058333333333	0	126
804.266666666667	0	106
807.166666666667	0	126
809.858333333333	0	106
811.884166666667	0	126
811.934166666667	0	106
813.8925	0	126
814.600833333333	0	106
817.52	0	1
819.518333333333	0	21
820.793333333333	0	101
821.701666666667	0	129
824.244166666667	0	101
826.444166666667	0	129
826.769166666667	0	101
829.245	0	129
829.260833333333	0	101
831.411666666667	0	129
831.986666666667	0	101
834.521666666667	0	3
836.52	0	23
838.845833333333	0	105
838.920833333333	0	125
840.895833333333	0	105
841.104166666667	0	125
843.363333333333	0	105
843.821666666667	0	125
845.938333333333	0	105
845.98	0	125
848.23	0	105
848.939166666667	0	125
851.533333333333	0	1
853.530833333333	0	21
854.830833333333	0	129
855.473333333333	0	101
858.206666666667	0	129
860.348333333333	0	101
860.981666666667	0	129
863.074166666667	0	101
865.0325	0	129
865.599166666667	0	101
868.535	0	5
870.533333333333	0	25
871.583333333333	0	109
872.716666666667	0	121
875.159166666667	0	109
877.750833333333	0	121
877.784166666667	0	109
880.000833333333	0	121
880.175833333333	0	109
882.326666666667	0	121
882.51	0	109
885.538333333333	0	4
887.535	0	24
889.594166666667	0	126
889.7025	0	106
892.035833333333	0	126
894.92	0	106
896.595	0	126
897.436666666667	0	106
899.878333333333	0	126
902.539166666667	0	7
904.5375	0	27
906.0875	0	117
906.5125	0	113
909.23	0	117
909.396666666667	0	113
911.488333333333	0	117
911.515	0	113
914.1975	0	117
916.7725	0	113
919.541666666667	0	6
921.54	0	26
923.365	0	110
923.556666666667	0	122
926.373333333333	0	110
928.3325	0	122
928.615833333333	0	110
930.890833333333	0	122
931.326666666667	0	110
933.791666666667	0	122
936.5525	0	7
938.558333333333	0	27
939.741666666667	0	113
940.3925	0	117
941.834166666667	0	113
943.434166666667	0	117
944.459166666667	0	113
945.800833333333	0	117
947.551666666667	0	113
948.51	0	117
950.593333333333	0	113
950.61	0	117
953.5625	0	3
955.560833333333	0	23
957.460833333333	0	125
957.860833333333	0	105
959.886666666667	0	125
960.336666666667	0	105
962.953333333333	0	125
963.003333333333	0	105
964.97	0	125
965.161666666667	0	105
967.6375	0	125
987.4675	0	2
989.465833333333	0	22
990.8	0	102
991.598333333333	0	130
994.265833333333	0	102
996.640833333333	0	130
999.041666666667	0	102
999.408333333333	0	130
1001.09166666667	0	102
1001.61666666667	0	130
1004.4675	0	1
1006.4675	0	21
1007.6925	0	129
1008.43416666667	0	101
1010.5425	0	129
1010.87583333333	0	101
1013.485	0	129
1015.60166666667	0	101
1015.86833333333	0	129
1017.885	0	101
1018.48583333333	0	129
1021.47083333333	0	4
1023.47333333333	0	24
1025.26166666667	0	126
1025.63666666667	0	106
1027.68666666667	0	126
1028.28666666667	0	106
1029.88666666667	0	126
1030.74583333333	0	106
1032.52083333333	0	126
1032.7875	0	106
1034.7125	0	126
1035.87916666667	0	106
1038.47166666667	0	6
1040.48	0	26
1042.71333333333	0	110
1042.81333333333	0	122
1044.7475	0	110
1045.3225	0	122
1046.80583333333	0	110
1047.36416666667	0	122
1049.6225	0	110
1050.32333333333	0	122
1052.14	0	110
1052.515	0	122
1055.48416666667	0	6
1057.48166666667	0	26
1058.72416666667	0	122
1058.9575	0	110
1060.8075	0	122
1061.1825	0	110
1063.28333333333	0	122
1064.86666666667	0	110
1065.875	0	122
1067.39166666667	0	110
1068.88333333333	0	122
1069.65083333333	0	110
1072.48666666667	0	5
1074.48416666667	0	25
1075.78416666667	0	121
1076.46	0	109
1078.36833333333	0	121
1079.06833333333	0	109
1081.24416666667	0	121
1081.51833333333	0	109
1083.33583333333	0	121
1083.89416666667	0	109
1085.96083333333	0	121
1086.26083333333	0	109
1089.4875	0	3
1091.48666666667	0	23
1092.86166666667	0	105
1092.92833333333	0	125
1094.97	0	105
1095.89583333333	0	125
1098.19583333333	0	105
1100.87916666667	0	125
1101.09583333333	0	105
1103.055	0	125
1103.82166666667	0	105
1106.49	0	7
1108.48833333333	0	27
1110.48083333333	0	113
1110.8475	0	117
1113.2975	0	113
1115.45666666667	0	117
1117.80666666667	0	113
1120.84	0	117
1123.49333333333	0	5
1125.49083333333	0	25
1127.0825	0	109
1127.16583333333	0	121
1129.38333333333	0	109
1129.95	0	121
1131.64166666667	0	109
1132.76666666667	0	121
1133.925	0	109
1135.2175	0	121
1136.2675	0	109
1137.5175	0	121
1140.495	0	8
1142.49333333333	0	28
1143.76	0	114
1144.56833333333	0	118
1147.44416666667	0	114
1149.74416666667	0	118
1152.39416666667	0	114
1154.21166666667	0	118
1154.41166666667	0	114
1157.49666666667	0	1
1159.49583333333	0	21
1160.5375	0	129
1161.12083333333	0	101
1163.22916666667	0	129
1163.79583333333	0	101
1166.71333333333	0	129
1168.73833333333	0	101
1168.88	0	129
1171.255	0	101
1174.5	0	2
1176.4975	0	22
1178.48083333333	0	102
1178.63083333333	0	130
1181.35666666667	0	102
1183.115	0	130
1183.44	0	102
1186.44916666667	0	130
1187.61583333333	0	102
1188.94083333333	0	130
1191.50166666667	0	7
1193.5	0	27
1194.93333333333	0	113
1195	0	117
1197.65833333333	0	113
1199.67583333333	0	117
1201.7175	0	113
1203.2175	0	117
1205.50416666667	0	113
1208.50416666667	0	8
1210.50166666667	0	28
1211.65166666667	0	118
1212.01	0	114
1215.17916666667	0	118
1215.2275	0	114
1217.6275	0	118
1219.76166666667	0	114
1220.01166666667	0	118
1222.47	0	114
1222.77833333333	0	118
1225.50583333333	0	1
1227.50416666667	0	21
1228.57916666667	0	129
1229.00416666667	0	101
1232.06333333333	0	129
1232.26333333333	0	101
1234.53	0	129
1236.77166666667	0	101
1236.93	0	129
1239.7475	0	101
1242.50833333333	0	4
1244.50583333333	0	24
1245.94833333333	0	106
1246.79833333333	0	126
1248.62333333333	0	106
1249.14833333333	0	126
1250.7825	0	106
1251.8825	0	126
1253.97416666667	0	106
1253.99916666667	0	126
1256.29916666667	0	106
1256.3825	0	126
1259.51083333333	0	8
1261.50833333333	0	28
1263.41666666667	0	114
1263.61666666667	0	118
1265.9425	0	114
1268.17583333333	0	118
1271.44333333333	0	114
1273.90166666667	0	118
1273.97666666667	0	114
1276.51166666667	0	8
1278.51083333333	0	28
1280.49416666667	0	118
1280.7775	0	114
1282.90333333333	0	118
1283.03583333333	0	114
1285.18666666667	0	118
1285.56166666667	0	114
1288.32	0	118
1290.77083333333	0	114
1290.95416666667	0	118
1293.51416666667	0	4
1295.5125	0	24
1297.32166666667	0	126
1297.66333333333	0	106
1299.87166666667	0	126
1300.07166666667	0	106
1302.26333333333	0	126
1302.58833333333	0	106
1304.50583333333	0	126
1304.98083333333	0	106
1307.95583333333	0	126
1307.9725	0	106
1310.5175	0	7
1312.52333333333	0	27
1313.93166666667	0	117
1314.47333333333	0	113
1317.2075	0	117
1319.2825	0	113
1319.6325	0	117
1322.16583333333	0	113
1324.525	0	117
1333.92	0	6
1335.91833333333	0	26
1337.47	0	110
1338.02666666667	0	122
1339.81	0	110
1340.12666666667	0	122
1342.6775	0	110
1345.0275	0	122
1345.13583333333	0	110
1347.96083333333	0	122
1347.98583333333	0	110
1350.9225	0	5
1352.92	0	25
1354.45333333333	0	109
1354.67083333333	0	121
1356.6625	0	109
1357.62916666667	0	121
1359.89583333333	0	109
1360.1225	0	121
1362.51333333333	0	109
1362.82166666667	0	121
1364.57166666667	0	109
1365.34666666667	0	121
1367.92416666667	0	2
1369.9225	0	22
1371.58083333333	0	130
1371.85583333333	0	102
1374.73166666667	0	130
1377.05666666667	0	102
1377.315	0	130
1379.55666666667	0	102
1379.65666666667	0	130
1381.9575	0	102
1382.3325	0	130
1384.92583333333	0	3
1386.92416666667	0	23
1388.98333333333	0	125
1389.35833333333	0	105
1391.625	0	125
1391.86666666667	0	105
1393.75916666667	0	125
1394.32583333333	0	105
1396.3675	0	125
1396.6175	0	105
1398.4425	0	125
1398.85916666667	0	105
1401.92916666667	0	2
1403.935	0	22
1405.61833333333	0	130
1406.26833333333	0	102
1407.66916666667	0	130
1408.59416666667	0	102
1410.33583333333	0	130
1410.9275	0	102
1412.73583333333	0	130
1413.49416666667	0	102
1416.22833333333	0	130
1418.93833333333	0	1
1420.93666666667	0	21
1422.52083333333	0	101
1423.35416666667	0	129
1425.34666666667	0	101
1425.40416666667	0	129
1427.44666666667	0	101
1427.64666666667	0	129
1429.92166666667	0	101
1429.93833333333	0	129
1432.7475	0	101
1433.28916666667	0	129
1435.94166666667	0	7
1437.93916666667	0	27
1439.17333333333	0	113
1439.78166666667	0	117
1441.50666666667	0	113
1442.79833333333	0	117
1445.27333333333	0	113
1447.4575	0	117
1450.34083333333	0	113
1452.9425	0	5
1454.94166666667	0	25
1455.98333333333	0	121
1456.225	0	109
1459.2675	0	121
1462.25916666667	0	109
1464.28416666667	0	121
1464.7675	0	109
1467.31833333333	0	121
1469.945	0	2
1471.94333333333	0	22
1473.7025	0	102
1474.3775	0	130
1476.1775	0	102
1476.5275	0	130
1478.87	0	102
1478.95333333333	0	130
1481.46166666667	0	102
1481.52	0	130
1483.63666666667	0	102
1484.11166666667	0	130
1486.95666666667	0	4
1488.9625	0	24
1490.4125	0	126
1490.47916666667	0	106
1492.42166666667	0	126
1492.93833333333	0	106
1494.46333333333	0	126
1495.24666666667	0	106
1496.71333333333	0	126
1497.52166666667	0	106
1499.65583333333	0	126
1500.70583333333	0	106
1503.96666666667	0	1
1505.965	0	21
1507.64833333333	0	129
1508.08166666667	0	101
1509.76583333333	0	129
1510.79	0	101
1513.3575	0	129
1513.4075	0	101
1515.82416666667	0	129
1517.88333333333	0	101
1518.425	0	129
1520.96833333333	0	2
1522.96666666667	0	22
1524.43416666667	0	130
1525.18416666667	0	102
1527.5675	0	130
1529.50916666667	0	102
1529.8425	0	130
1531.61833333333	0	102
1532.61	0	130
1534.50166666667	0	102
1534.82666666667	0	130
1537.98	0	7
1539.98583333333	0	27
1542.01083333333	0	113
1542.28583333333	0	117
1544.72833333333	0	113
1546.85333333333	0	117
1547.11166666667	0	113
1549.08666666667	0	117
1549.86166666667	0	113
1551.4625	0	117
1552.20416666667	0	113
1554.98916666667	0	5
1556.9875	0	25
1558.955	0	121
1559.21333333333	0	109
1561.59666666667	0	121
1564.36416666667	0	109
1566.90583333333	0	121
1568.93083333333	0	109
1569.20583333333	0	121
1571.9925	0	8
1573.99833333333	0	28
1575.17333333333	0	118
1575.45666666667	0	114
1578.89083333333	0	118
1580.45916666667	0	114
1581.29083333333	0	118
1583.79166666667	0	114
1585.80833333333	0	118
1585.81666666667	0	114
1589.0025	0	2
1591.00083333333	0	22
1593.0925	0	130
1593.25916666667	0	102
1595.1425	0	130
1595.73416666667	0	102
1597.70166666667	0	130
1597.94333333333	0	102
1600.86833333333	0	130
1602.81083333333	0	102
1603.04416666667	0	130
1606.00416666667	0	5
1608.0025	0	25
1609.27	0	121
1609.92	0	109
1611.75333333333	0	121
1612.46166666667	0	109
1614.81166666667	0	121
1614.92833333333	0	109
1617.29583333333	0	121
1617.42916666667	0	109
1620.2875	0	121
1623.0075	0	5
1625.005	0	25
1626.14666666667	0	121
1626.23	0	109
1628.49666666667	0	121
1629.2725	0	109
1631.7475	0	121
1631.93916666667	0	109
1634.96416666667	0	121
1636.95666666667	0	109
1637.08166666667	0	121
1640.00833333333	0	4
1642.00666666667	0	24
1643.16583333333	0	126
1643.69083333333	0	106
1646.0825	0	126
1648.225	0	106
1650.88333333333	0	126
1654.34166666667	0	106
1657.01083333333	0	5
1659.00916666667	0	25
1660.2925	0	121
1660.4425	0	109
1663.87666666667	0	121
1665.79333333333	0	109
1666.46	0	121
1668.0025	0	109
1668.86916666667	0	121
1670.24416666667	0	109
1671.06916666667	0	121
1681.665	0	2
1683.66333333333	0	22
1685.63916666667	0	102
1686.0625	0	130
1687.8875	0	102
1688.59666666667	0	130
1690.17166666667	0	102
1690.91333333333	0	130
1692.23	0	102
1693.105	0	130
1694.9475	0	102
1695.11416666667	0	130
1698.66416666667	0	2
1700.66416666667	0	22
1702.34833333333	0	102
1702.43166666667	0	130
1704.37333333333	0	102
1704.74	0	130
1707.58166666667	0	102
1708.0825	0	130
1709.71583333333	0	102
1710.4575	0	130
1712.39083333333	0	102
1713.04083333333	0	130
1715.66916666667	0	1
1717.66666666667	0	21
1719.275	0	101
1720.00083333333	0	129
1721.98416666667	0	101
1722.1675	0	129
1724.17583333333	0	101
1725.00083333333	0	129
1726.76833333333	0	101
1727.04333333333	0	129
1728.885	0	101
1729.52666666667	0	129
1732.67	0	8
1734.66916666667	0	28
1736.3775	0	114
1736.41083333333	0	118
1739.5525	0	114
1741.33	0	118
1741.56166666667	0	114
1744.52	0	118
1746.62083333333	0	114
1746.62916666667	0	118
1749.6725	0	7
1751.67083333333	0	27
1752.97166666667	0	113
1753.83833333333	0	117
1755.16333333333	0	113
1756.37166666667	0	117
1757.67166666667	0	113
1758.505	0	117
1761.18083333333	0	113
1763.3475	0	117
1766.68416666667	0	3
1768.69	0	23
1769.79	0	125
1770.915	0	105
1773.34916666667	0	125
1773.5575	0	105
1775.99083333333	0	125
1777.9575	0	105
1778.54083333333	0	125
1781.11666666667	0	105
1781.16666666667	0	125
1783.69416666667	0	1
1785.6925	0	21
1787.90916666667	0	101
1787.95916666667	0	129
1790.07583333333	0	101
1790.47583333333	0	129
1792.60166666667	0	101
1795.27666666667	0	129
1797.66083333333	0	101
1797.66916666667	0	129
1800.69583333333	0	7
1802.69416666667	0	27
1804.1525	0	113
1804.28666666667	0	117
1806.645	0	113
1810.045	0	117
1811.9375	0	113
1812.17083333333	0	117
1815.07916666667	0	113
1817.7075	0	1
1819.705	0	21
1821.58	0	129
1821.92166666667	0	101
1824.13	0	129
1824.5225	0	101
1826.28083333333	0	129
1826.63083333333	0	101
1828.2975	0	129
1829.00583333333	0	101
1830.47333333333	0	129
1831.465	0	101
1834.70833333333	0	6
1836.70833333333	0	26
1838.19083333333	0	122
1839.05916666667	0	110
1840.59916666667	0	122
1841.59916666667	0	110
1844.13333333333	0	122
1846.325	0	110
1848.70833333333	0	122
1848.88333333333	0	110
1851.71166666667	0	8
1853.70916666667	0	28
1854.95916666667	0	114
1855.88416666667	0	118
1858.39333333333	0	114
1860.785	0	118
1860.835	0	114
1863.36083333333	0	118
1863.4775	0	114
1866.0275	0	118
1868.7125	0	8
1870.71166666667	0	28
1871.75333333333	0	114
1871.795	0	118
1875.245	0	114
1875.60333333333	0	118
1877.30416666667	0	114
1878.17916666667	0	118
1880.0375	0	114
1880.55416666667	0	118
1883.08	0	114
1883.14666666667	0	118
1885.715	0	2
1887.71333333333	0	22
1889.5975	0	102
1890.08916666667	0	130
1892.0975	0	102
1892.43916666667	0	130
1894.65583333333	0	102
1894.8725	0	130
1897.27333333333	0	102
1897.29833333333	0	130
1899.715	0	102
1899.9175	0	130
1902.72666666667	0	3
1904.7325	0	23
1905.91583333333	0	125
1905.9575	0	105
1909.39166666667	0	125
1911.15	0	105
1911.46666666667	0	125
1913.20166666667	0	105
1913.66666666667	0	125
1916.40083333333	0	105
1916.57583333333	0	125
1919.73583333333	0	4
1921.73416666667	0	24
1923.75166666667	0	106
1924.185	0	126
1926.485	0	106
1928.79416666667	0	126
1929.1025	0	106
1931.21083333333	0	126
1931.61083333333	0	106
1933.41916666667	0	126
1933.66083333333	0	106
1936.73833333333	0	3
1938.73666666667	0	23
1940.56166666667	0	105
1940.895	0	125
1942.80416666667	0	105
1943.07083333333	0	125
1944.85416666667	0	105
1945.52916666667	0	125
1946.97916666667	0	105
1947.57166666667	0	125
1950.49666666667	0	105
1953.75	0	1
1955.75583333333	0	21
1956.9975	0	129
1957.73916666667	0	101
1959.4975	0	129
1959.83083333333	0	101
1961.67333333333	0	129
1962.98166666667	0	101
1964.24	0	129
1965.615	0	101
1966.77333333333	0	129
1968.21583333333	0	101
1970.75916666667	0	1
1972.7575	0	21
1974.59166666667	0	129
1975.08333333333	0	101
1976.69166666667	0	129
1977.71666666667	0	101
1979.45	0	129
1980.125	0	101
1981.6675	0	129
1982.30083333333	0	101
1984.23416666667	0	129
1984.9175	0	101
1987.77083333333	0	3
1989.76833333333	0	23
1991.60166666667	0	105
1992.1275	0	125
1994.21083333333	0	105
1994.4775	0	125
1996.59416666667	0	105
1997.0525	0	125
1998.79416666667	0	105
1999.64416666667	0	125
2001.48666666667	0	105
2001.695	0	125
2004.77166666667	0	3
2006.77	0	23
2008.12083333333	0	105
2008.24583333333	0	125
2010.92916666667	0	105
2011.04583333333	0	125
2014.08833333333	0	105
2015.88833333333	0	125
2016.49666666667	0	105
2017.92166666667	0	125
2019.01333333333	0	105
2029.68416666667	0	7
2031.6825	0	27
2033.69166666667	0	117
2033.9075	0	113
2036.36583333333	0	117
2036.4325	0	113
2038.4325	0	117
2039.01666666667	0	113
2041.24166666667	0	117
2043.55	0	113
2044.05	0	117
2046.695	0	6
2048.70083333333	0	26
2049.7925	0	122
2050.4675	0	110
2052.59333333333	0	122
2053.21833333333	0	110
2055.90166666667	0	122
2058.56833333333	0	110
2060.5025	0	122
2060.68583333333	0	110
2063.70416666667	0	5
2065.7025	0	25
2067.50333333333	0	109
2067.52	0	121
2070.28	0	109
2072.8625	0	121
2075.50416666667	0	109
2077.405	0	121
2077.69583333333	0	109
2080.7075	0	6
2082.705	0	26
2084.09083333333	0	110
2084.42166666667	0	122
2087.38916666667	0	110
2088.93916666667	0	122
2090.15583333333	0	110
2091.815	0	122
2092.225	0	110
2094.50666666667	0	122
2094.815	0	110
2097.70833333333	0	2
2099.7075	0	22
2100.9325	0	130
2101.99083333333	0	102
2103.54083333333	0	130
2104.625	0	102
2105.85	0	130
2106.69166666667	0	102
2109.475	0	130
2109.55833333333	0	102
2111.70916666667	0	130
2111.85083333333	0	102
2114.71083333333	0	5
2116.70916666667	0	25
2118.56	0	109
2118.71	0	121
2120.62833333333	0	109
2121.09333333333	0	121
2123.56916666667	0	109
2124.09416666667	0	121
2126.56083333333	0	109
2129.03583333333	0	121
2129.1525	0	109
2131.71416666667	0	2
2133.71166666667	0	22
2135.20333333333	0	102
2135.295	0	130
2138.02083333333	0	102
2138.33083333333	0	130
2140.32083333333	0	102
2140.9125	0	130
2142.59583333333	0	102
2143.1875	0	130
2144.93833333333	0	102
2145.37333333333	0	130
2148.715	0	8
2150.71416666667	0	28
2152.48083333333	0	118
2153.16416666667	0	114
2154.78916666667	0	118
2155.51416666667	0	114
2157.75666666667	0	118
2160.33166666667	0	114
2160.48166666667	0	118
2162.39083333333	0	114
2163.01583333333	0	118
2165.7175	0	2
2167.71583333333	0	22
2169.1825	0	130
2169.925	0	102
2171.75	0	130
2172.11666666667	0	102
2174.64166666667	0	130
2175.05833333333	0	102
2176.98416666667	0	130
2177.6675	0	102
2179.13416666667	0	130
2179.73416666667	0	102
2182.72916666667	0	4
2184.735	0	24
2185.885	0	106
2185.99333333333	0	126
2188.11833333333	0	106
2189.5525	0	126
2191.81083333333	0	106
2194.6275	0	126
2197.21333333333	0	106
2199.73833333333	0	8
2201.73666666667	0	28
2202.94583333333	0	114
2203.3125	0	118
2206.32916666667	0	114
2207.6125	0	118
2208.98	0	114
2210.18833333333	0	118
2211.08	0	114
2212.94666666667	0	118
2214.19666666667	0	114
2216.75	0	6
2218.7475	0	26
2220.20583333333	0	110
2220.60583333333	0	122
2222.47333333333	0	110
2223.30666666667	0	122
2224.50666666667	0	110
2225.73166666667	0	122
2227.93166666667	0	110
2228.39916666667	0	122
2230.49916666667	0	110
2230.91583333333	0	122
2233.75166666667	0	4
2235.75	0	24
2237.03333333333	0	106
2238.2	0	126
2240.64166666667	0	106
2240.68583333333	0	126
2242.90083333333	0	106
2245.2925	0	126
2247.30083333333	0	106
2247.90083333333	0	126
2250.75333333333	0	5
2252.75166666667	0	25
2253.91	0	109
2255.08583333333	0	121
2256.33583333333	0	109
2257.31083333333	0	121
2258.61916666667	0	109
2260.06916666667	0	121
2260.6525	0	109
2262.38666666667	0	121
2263.65333333333	0	109
2264.52	0	121
2267.765	0	4
2269.7625	0	24
2270.99583333333	0	126
2271.9125	0	106
2273.07083333333	0	126
2274.37166666667	0	106
2277.12166666667	0	126
2279.57166666667	0	106
2281.84916666667	0	126
2282.03916666667	0	106
2284.76583333333	0	7
2286.76416666667	0	27
2287.82333333333	0	117
2288.215	0	113
2290.64	0	117
2290.92333333333	0	113
2294.14916666667	0	117
2296.2825	0	113
2296.37583333333	0	117
2299.1075	0	113
2301.76833333333	0	8
2303.76666666667	0	28
2305.425	0	118
2305.825	0	114
2308.32583333333	0	118
2310.25416666667	0	114
2310.7175	0	118
2312.30916666667	0	114
2313.71	0	118
2314.91833333333	0	114
2315.96	0	118
2318.77166666667	0	3
2320.76833333333	0	23
2322.16916666667	0	105
2322.71916666667	0	125
2324.41916666667	0	105
2325.31916666667	0	125
2328.23666666667	0	105
2330.12	0	125
2330.43666666667	0	105
2332.64583333333	0	125
2332.96166666667	0	105
2335.7725	0	1
2337.77916666667	0	21
2339.73833333333	0	101
2339.79666666667	0	129
2342.705	0	101
2344.64666666667	0	129
2344.79666666667	0	101
2347.03083333333	0	129
2347.0725	0	101
2349.51416666667	0	129
2349.73916666667	0	101
2352.78416666667	0	6
2354.79	0	26
2356.09833333333	0	122
2356.59	0	110
2359.47416666667	0	122
2359.69083333333	0	110
2361.51583333333	0	122
2362.0825	0	110
2364.7325	0	122
2367.19166666667	0	110
2377.87	0	1
2379.86916666667	0	21
2381.345	0	101
2382.01	0	129
2384.31833333333	0	101
2386.41083333333	0	129
2386.81916666667	0	101
2389.53583333333	0	129
2391.21916666667	0	101
2391.55333333333	0	129
2394.87333333333	0	5
2396.87833333333	0	25
2398.06166666667	0	109
2399.29583333333	0	121
2401.14583333333	0	109
2401.37916666667	0	121
2403.23083333333	0	109
2403.49583333333	0	121
2406.63833333333	0	109
2406.82166666667	0	121
2409.08	0	109
2411.88166666667	0	6
2413.88083333333	0	26
2414.98083333333	0	122
2415.73083333333	0	110
2418.73166666667	0	122
2420.97333333333	0	110
2421.17333333333	0	122
2423.77333333333	0	110
2426.3075	0	122
2428.88416666667	0	6
2430.8825	0	26
2432.5	0	122
2432.88333333333	0	110
2435.6	0	122
2435.775	0	110
2437.65	0	122
2437.9925	0	110
2440.60083333333	0	122
2442.40916666667	0	110
2443.10083333333	0	122
2445.8875	0	2
2447.885	0	22
2449.82666666667	0	102
2450.01833333333	0	130
2452.66083333333	0	102
2452.7775	0	130
2455.18583333333	0	102
2456.92	0	130
2457.37	0	102
2459.77	0	130
2462.88833333333	0	2
2464.8875	0	22
2466.59583333333	0	130
2467.27916666667	0	102
2468.80583333333	0	130
2469.65416666667	0	102
2471.72166666667	0	130
2472.09666666667	0	102
2474.27166666667	0	130
2474.41333333333	0	102
2476.83833333333	0	130
2477.09916666667	0	102
2479.89083333333	0	6
2481.88916666667	0	26
2483.4975	0	122
2483.915	0	110
2486.23166666667	0	122
2486.24	0	110
2489.32666666667	0	122
2491.09083333333	0	110
2491.37416666667	0	122
2493.8325	0	110
2496.89416666667	0	7
2498.89166666667	0	27
2500.19166666667	0	117
2500.44166666667	0	113
2502.525	0	117
2502.81666666667	0	113
2504.72583333333	0	117
2505.12583333333	0	113
2508.4925	0	117
2510.24333333333	0	113
2510.89333333333	0	117
2513.895	0	8
2515.89333333333	0	28
2517.4525	0	118
2518.16916666667	0	114
2520.7025	0	118
2522.62833333333	0	114
2522.82	0	118
2525.50333333333	0	114
2528.22	0	118
2530.90666666667	0	3
2532.90416666667	0	23
2534.24583333333	0	105
2534.9125	0	125
2537.09666666667	0	105
2537.23833333333	0	125
2539.705	0	105
2541.96416666667	0	125
2542.58083333333	0	105
2544.9975	0	125
2545.1975	0	105
2547.90833333333	0	4
2549.90666666667	0	24
2551.68166666667	0	126
2551.95666666667	0	106
2554.59	0	126
2557.09916666667	0	106
2559.19083333333	0	126
2559.5575	0	106
2561.6575	0	126
2562.33333333333	0	106
2564.91	0	3
2566.90833333333	0	23
2568.8175	0	105
2569.08416666667	0	125
2570.90083333333	0	105
2571.18416666667	0	125
2573.13416666667	0	105
2573.5425	0	125
2575.45166666667	0	105
2576.46833333333	0	125
2578.49333333333	0	105
2578.51833333333	0	125
2581.92166666667	0	1
2583.9275	0	21
2584.9775	0	101
2585.3775	0	129
2588.645	0	101
2590.55333333333	0	129
2591.17833333333	0	101
2593.35333333333	0	129
2593.67	0	101
2595.95416666667	0	129
2596.2375	0	101
2598.93083333333	0	5
2600.92916666667	0	25
2603.08	0	121
2603.34666666667	0	109
2605.805	0	121
2607.63	0	109
2608.2475	0	121
2610.75583333333	0	109
2613.30583333333	0	121
2615.93333333333	0	8
2617.93166666667	0	28
2619.02333333333	0	118
2620.29	0	114
2621.47416666667	0	118
2622.6075	0	114
2623.9075	0	118
2624.9825	0	114
2627.90833333333	0	118
2630.175	0	114
2630.25	0	118
2632.93666666667	0	8
2634.9425	0	28
2636.48416666667	0	114
2636.6925	0	118
2639.63416666667	0	114
2641.99333333333	0	118
2642.40166666667	0	114
2644.24333333333	0	118
2644.51833333333	0	114
2647.28583333333	0	118
2649.94583333333	0	1
2651.94416666667	0	21
2653.095	0	129
2653.995	0	101
2656.76166666667	0	129
2658.82	0	101
2658.90333333333	0	129
2661.47083333333	0	101
2663.4375	0	129
2663.67916666667	0	101
2666.94916666667	0	2
2668.94666666667	0	22
2670.93	0	102
2671.09666666667	0	130
2673.355	0	102
2673.40583333333	0	130
2675.78916666667	0	102
2676.3325	0	130
2678.6725	0	102
2678.75583333333	0	130
2681.35	0	102
2683.95	0	7
2685.94833333333	0	27
2687.0825	0	113
2687.32416666667	0	117
2690.48416666667	0	113
2690.49083333333	0	117
2692.58333333333	0	113
2693.39166666667	0	117
2695.88333333333	0	113
2697.675	0	117
2698.04166666667	0	113
2700.95166666667	0	6
2702.95083333333	0	26
2704.0675	0	110
2705.30083333333	0	122
2706.41	0	110
2707.61833333333	0	122
2709.34333333333	0	110
2709.77666666667	0	122
2712.71916666667	0	110
2714.36083333333	0	122
2714.88583333333	0	110
2726.62333333333	0	1
2728.62166666667	0	21
2730.71416666667	0	129
2730.75416666667	0	101
2732.955	0	129
2733.22166666667	0	101
2735.51333333333	0	129
2738.105	0	101
2740.0975	0	129
2741.05583333333	0	101
2743.6225	0	5
2745.6225	0	25
2747.065	0	121
2747.97333333333	0	109
2749.47333333333	0	121
2750.25666666667	0	109
2751.97333333333	0	121
2752.5575	0	109
2754.3325	0	121
2754.7575	0	109
2757.8825	0	121
2760.63333333333	0	3
2762.63333333333	0	23
2764.95083333333	0	125
2764.9925	0	105
2767.42583333333	0	125
2767.57583333333	0	105
2769.50083333333	0	125
2769.97583333333	0	105
2772.07666666667	0	125
2772.12666666667	0	105
2774.935	0	125
2777.64666666667	0	4
2779.6525	0	24
2780.89416666667	0	106
2780.94416666667	0	126
2783.21916666667	0	106
2783.36083333333	0	126
2786.20333333333	0	106
2788.77	0	126
2789.545	0	106
2790.9375	0	126
2791.94583333333	0	106
2794.65583333333	0	1
2796.65416666667	0	21
2797.7375	0	129
2798.32166666667	0	101
2800.91333333333	0	129
2801.34666666667	0	101
2804.08833333333	0	129
2805.83916666667	0	101
2806.41416666667	0	129
2808.26416666667	0	101
2808.9475	0	129
2811.65916666667	0	4
2813.65666666667	0	24
2814.68166666667	0	126
2815.00666666667	0	106
2817.77416666667	0	126
2817.82416666667	0	106
2819.84083333333	0	126
2820.59916666667	0	106
2822.89916666667	0	126
2823.3825	0	106
2825.19166666667	0	126
2825.99166666667	0	106
2828.66083333333	0	4
2830.65833333333	0	24
2832.75083333333	0	106
2832.95083333333	0	126
2835.42583333333	0	106
2838.00166666667	0	126
2840.25166666667	0	106
2840.36	0	126
2842.97666666667	0	106
2845.6625	0	3
2847.66083333333	0	23
2849.6525	0	125
2849.91166666667	0	105
2852.03666666667	0	125
2852.27	0	105
2854.51166666667	0	125
2854.57	0	105
2856.94583333333	0	125
2857.5875	0	105
2859.07916666667	0	125
2859.6625	0	105
2862.66583333333	0	5
2864.67333333333	0	25
2865.93833333333	0	121
2866.53833333333	0	109
2869.48916666667	0	121
2871.53916666667	0	109
2871.83916666667	0	121
2874.46416666667	0	109
2876.34833333333	0	121
2877.15666666667	0	109
2879.675	0	4
2881.67333333333	0	24
2883.04916666667	0	106
2883.49083333333	0	126
2886.12416666667	0	106
2886.24916666667	0	126
2888.19083333333	0	106
2888.36583333333	0	126
2890.41666666667	0	106
2890.65	0	126
2893.4	0	106
2893.49166666667	0	126
2896.6775	0	3
2898.67583333333	0	23
2900.57583333333	0	125
2900.85083333333	0	105
2903.42666666667	0	125
2903.50166666667	0	105
2905.50166666667	0	125
2906.14333333333	0	105
2907.60166666667	0	125
2908.46916666667	0	105
2910.18583333333	0	125
2910.98583333333	0	105
2913.68083333333	0	8
2915.68583333333	0	28
2917.45333333333	0	118
2917.80333333333	0	114
2919.60333333333	0	118
2920.30333333333	0	114
2922.9375	0	118
2924.52083333333	0	114
2925.52083333333	0	118
2927.2375	0	114
2927.655	0	118
2930.69	0	1
2932.68833333333	0	21
2934.47166666667	0	129
2934.91416666667	0	101
2936.86416666667	0	129
2937.1475	0	101
2939.0725	0	129
2939.1975	0	101
2942.24833333333	0	129
2944.42333333333	0	101
2944.73166666667	0	129
2947.69333333333	0	6
2949.69083333333	0	26
2951.19916666667	0	122
2952.1325	0	110
2953.74083333333	0	122
2954.19166666667	0	110
2955.75	0	122
2956.93333333333	0	110
2959.61666666667	0	122
2961.72583333333	0	110
2962.05916666667	0	122
2964.69416666667	0	7
2966.6925	0	27
2968.30166666667	0	117
2968.46	0	113
2970.32666666667	0	117
2971.21	0	113
2973.21	0	117
2973.66	0	113
2976.5025	0	117
2978.49416666667	0	113
2978.7275	0	117
2981.69583333333	0	5
2983.695	0	25
2985.47	0	121
2986.145	0	109
2988.62083333333	0	121
2993.20416666667	0	109
2995.255	0	121
2995.46333333333	0	109
2998.70833333333	0	5
3000.71333333333	0	25
3002.4975	0	109
3002.61416666667	0	121
3005.10583333333	0	109
3005.11416666667	0	121
3007.865	0	109
3009.99	0	121
3010.45666666667	0	109
3013.02333333333	0	121
3013.09083333333	0	109
3015.7175	0	5
3017.71583333333	0	25
3019.04083333333	0	109
3019.54083333333	0	121
3021.80833333333	0	109
3023.74166666667	0	121
3025.09166666667	0	109
3026.55916666667	0	121
3027.1675	0	109
3029.23416666667	0	121
3029.28583333333	0	109
3032.71916666667	0	4
3034.71833333333	0	24
3036.51833333333	0	106
3036.56	0	126
3039.6775	0	106
3040.98583333333	0	126
3041.81083333333	0	106
3043.09416666667	0	126
3044.66916666667	0	106
3046.71166666667	0	126
3046.76166666667	0	106
3049.73083333333	0	5
3051.73666666667	0	25
3053.97916666667	0	121
3054.12916666667	0	109
3056.29583333333	0	121
3058.27916666667	0	109
3059.19666666667	0	121
3060.38833333333	0	109
3061.63	0	121
3062.88833333333	0	109
3063.755	0	121
